id,jmeno,prijmeni,adresa,vek
1,Cordey,Preon,14th Floor,49
2,Freda,Reeves,Suite 71,66
3,Cello,Conybear,Apt 518,55
4,Dasi,Peasgood,Apt 1114,12
5,Audrey,Whiterod,17th Floor,87
6,Marjy,Beaulieu,14th Floor,79
7,Laney,Ledwitch,1st Floor,35
8,Brigit,Everix,1st Floor,39
9,Wandie,Crosi,9th Floor,75
10,Chip,Dumbell,Suite 72,37
11,Cam,Lawfull,Apt 1378,17
12,Shanta,Allardyce,Room 376,16
13,Padget,Iskowicz,Apt 530,41
14,Nikolaos,Glenton,Apt 1670,89
15,Antonetta,Rantoul,Room 1052,55
16,Shelden,Prince,Suite 7,71
17,Gretta,Twinbrow,3rd Floor,27
18,Philippine,Reavey,PO Box 49704,95
19,Dewie,Muncie,Suite 28,21
20,Whittaker,Crank,Apt 1584,48
21,Gae,Pedrick,4th Floor,28
22,Brion,Rowlin,Apt 724,28
23,Sid,Jakubovics,4th Floor,74
24,Marcelia,Bagot,5th Floor,95
25,Agnese,Sharrock,Suite 60,24
26,Christel,Matthensen,15th Floor,92
27,Jori,Foulkes,Room 143,100
28,Camille,Cockaday,Room 355,24
29,Blaire,Henrot,Apt 521,49
30,Jelene,Halahan,Apt 224,34
31,Land,Bowland,Apt 1548,31
32,Lorant,Rowson,6th Floor,72
33,Angie,Molineaux,Apt 1679,10
34,Boigie,Bass,PO Box 85227,65
35,Veronique,Monger,Suite 16,83
36,Wadsworth,Ruffle,19th Floor,46
37,Nelle,Coxen,13th Floor,95
38,Hiram,Alyonov,4th Floor,14
39,Brit,Baxstare,Suite 65,59
40,Nata,Look,Room 1860,61
41,Shea,Mozzetti,Suite 74,14
42,Laryssa,Dermot,Suite 57,28
43,Matty,Swaton,PO Box 41601,19
44,Bessy,Grime,Apt 277,11
45,Carolyne,Denacamp,Suite 6,22
46,Lurline,Climar,Apt 314,77
47,Salmon,Rodgers,9th Floor,67
48,Lurlene,Sivess,PO Box 96020,57
49,Fitzgerald,Aikman,Apt 2,51
50,Toby,Quested,Suite 48,84
